approach,model,average_precision,roc_auc,pr_auc_trapezoid,brier_score,log_loss,fit_seconds,prediction_seconds,fraction_score_ge_099,run_path,sites,positive_sites,prevalence,fraction_score_eq_1,unique_scores,depth_score_spearman,mean_sampling_std,prediction_coverage,total_seconds,sampling_iterations,independent_test_claim
site_mean9,dummy,0.0435108481262327,0.5,0.5217554240631164,0.0416208959711371,0.1789835806890513,0.0018078749999403,0.0117502920038532,0.0,experiments/data0_baselines_v1/20261005T074956_site_mean9_dummy_ec63e946,,,,,,,,,,,
site_mean9,logistic,0.0994158658215143,0.7070581508882537,0.0987442504758097,0.0405714923205261,0.1675106216281848,0.0552764170133741,0.0284857920050853,0.0,experiments/data0_baselines_v1/20261005T075016_site_mean9_logistic_9155b8d7,,,,,,,,,,,
read9_noisy_or,logistic,0.0708993111392526,0.6933656979407422,0.0707369406211262,0.3322517075472501,0.8906378501377487,1.3455965829925844,0.2717400830006227,0.0,experiments/data0_baselines_v1/20261005T075017_read9_noisy_or_logistic_619de677,,,,,,,,,,,
read15_noisy_or,logistic,0.1465980250252349,0.7759814086224497,0.1460830692838099,0.2943768119892984,0.8729046612039406,2.842505207998329,0.3200384999945527,0.0077712031558185,experiments/data0_baselines_v1/20261005T075020_read15_noisy_or_logistic_0af128c6,,,,,,,,,,,
site_mean9,hist_boosting,0.3948079624417899,0.8641269600662059,0.3943214276805915,0.0320648381550396,0.126460786464413,2.816758957997081,0.5763552499993239,0.0,experiments/data0_baselines_v1/20261005T075025_site_mean9_hist_boosting_e659f93f,,,,,,,,,,,
read9_noisy_or,hist_boosting,0.3375210308801298,0.8604111785323911,0.3366210205416207,0.2713130813152643,0.8263931740803269,9.11975104198791,4.7048609999910695,0.019723865877712,experiments/data0_baselines_v1/20261005T075029_read9_noisy_or_hist_boosting_7142a1cc,,,,,,,,,,,
read15_noisy_or,hist_boosting,0.3798811507341842,0.8781901255666551,0.3793414759545169,0.2374887126868804,0.8068357109086379,17.033117375001893,5.409671000001254,0.0347140039447731,experiments/data0_baselines_v1/20261005T075050_read15_noisy_or_hist_boosting_c6e9c56d,,,,,,,,,,,
site_mean9,random_forest,0.3649395824047977,0.8588639784993075,0.3639814288974097,0.033297945540352,0.1306823773825661,3.5253459999948973,1.2356130830012262,0.0,experiments/data0_baselines_v1/20261005T075120_site_mean9_random_forest_07d60618,,,,,,,,,,,
read9_noisy_or,random_forest,0.3281798707559141,0.853769050547738,0.3272929340038324,0.2846193512190622,0.8336083975276547,46.32207091599412,8.742660582996905,0.0123471400394477,experiments/data0_baselines_v1/20261005T075127_read9_noisy_or_random_forest_5c0e5d9f,,,,,,,,,,,
read15_noisy_or,random_forest,0.3288409111526066,0.8653616278612816,0.3281973926731162,0.2530014579411937,0.8196430174549505,34.35383108399401,9.529170624999097,0.0262721893491124,experiments/data0_baselines_v1/20261005T075234_read15_noisy_or_random_forest_95f55ef5,,,,,,,,,,,
site_mean9_matched,logistic,0.0955742759913541,0.7080758203172016,0.0950083489219181,0.0406112383380967,0.1674607572552394,0.1143912499974249,0.2836471670016181,0.0,experiments/data0_baselines_v1/20261005T075330_site_mean9_matched_logistic_a086d4ba,,,,,,,,,,,
site_mean9_matched,hist_boosting,0.3905047441728532,0.8665873031333877,0.3896619890990429,0.0323027642887192,0.1265740777729537,1.790364083004533,1.371110291001969,0.0,experiments/data0_baselines_v1/20261005T075333_site_mean9_matched_hist_boosting_be16dbb8,,,,,,,,,,,
site_mean9_matched,random_forest,0.3651130275517417,0.8643678138570927,0.3641642397013995,0.0336310496826428,0.1308922302408827,2.9507511669944506,3.5470052500022575,0.0,experiments/data0_baselines_v1/20261005T075339_site_mean9_matched_random_forest_2de508e4,,,,,,,,,,,
official_m6anet,m6anet_pretrained_HCT116_RNA002,0.5063945551069602,0.9346209928261353,0.505930010777156,0.09248829529335484,0.3151679735183829,,52.73550195799908,0.00611439842209073,experiments/data0_m6anet_pretrained_v1/20261005T090119_official_m6anet_m6anet_pretrained_HCT116_RNA002_c7353afe,25350.0,1103.0,0.043510848126232744,0.0,25342.0,-0.022530828160380587,,1.0,74.85907016700367,1000.0,False
