approach,model,average_precision,roc_auc,pr_auc_trapezoid,brier_score,log_loss,fit_seconds,prediction_seconds,fraction_score_ge_099,run_path
site_mean9,dummy,0.043510848126232744,0.5,0.5217554240631164,0.04162089597113719,0.17898358068905135,0.0018078749999403954,0.011750292003853247,0.0,experiments/data0_baselines_v1/20261005T074956_site_mean9_dummy_ec63e946
site_mean9,logistic,0.09941586582151438,0.7070581508882537,0.09874425047580979,0.04057149232052616,0.16751062162818484,0.05527641701337416,0.028485792005085386,0.0,experiments/data0_baselines_v1/20261005T075016_site_mean9_logistic_9155b8d7
read9_noisy_or,logistic,0.07089931113925266,0.6933656979407422,0.0707369406211262,0.33225170754725014,0.8906378501377487,1.3455965829925844,0.2717400830006227,0.0,experiments/data0_baselines_v1/20261005T075017_read9_noisy_or_logistic_619de677
read15_noisy_or,logistic,0.14659802502523492,0.7759814086224497,0.14608306928380999,0.29437681198929844,0.8729046612039406,2.842505207998329,0.3200384999945527,0.00777120315581854,experiments/data0_baselines_v1/20261005T075020_read15_noisy_or_logistic_0af128c6
site_mean9,hist_boosting,0.3948079624417899,0.8641269600662059,0.39432142768059153,0.032064838155039695,0.126460786464413,2.816758957997081,0.5763552499993239,0.0,experiments/data0_baselines_v1/20261005T075025_site_mean9_hist_boosting_e659f93f
read9_noisy_or,hist_boosting,0.33752103088012986,0.8604111785323911,0.33662102054162074,0.2713130813152643,0.8263931740803269,9.11975104198791,4.7048609999910695,0.01972386587771203,experiments/data0_baselines_v1/20261005T075029_read9_noisy_or_hist_boosting_7142a1cc
read15_noisy_or,hist_boosting,0.3798811507341842,0.8781901255666551,0.3793414759545169,0.2374887126868804,0.8068357109086379,17.033117375001893,5.409671000001254,0.03471400394477318,experiments/data0_baselines_v1/20261005T075050_read15_noisy_or_hist_boosting_c6e9c56d
site_mean9,random_forest,0.36493958240479774,0.8588639784993075,0.3639814288974097,0.03329794554035206,0.13068237738256616,3.5253459999948973,1.2356130830012262,0.0,experiments/data0_baselines_v1/20261005T075120_site_mean9_random_forest_07d60618
read9_noisy_or,random_forest,0.32817987075591415,0.853769050547738,0.32729293400383247,0.2846193512190622,0.8336083975276547,46.32207091599412,8.742660582996905,0.012347140039447731,experiments/data0_baselines_v1/20261005T075127_read9_noisy_or_random_forest_5c0e5d9f
read15_noisy_or,random_forest,0.32884091115260666,0.8653616278612816,0.32819739267311626,0.2530014579411937,0.8196430174549505,34.35383108399401,9.529170624999097,0.026272189349112424,experiments/data0_baselines_v1/20261005T075234_read15_noisy_or_random_forest_95f55ef5
site_mean9_matched,logistic,0.09557427599135418,0.7080758203172016,0.0950083489219181,0.04061123833809677,0.16746075725523948,0.1143912499974249,0.2836471670016181,0.0,experiments/data0_baselines_v1/20261005T075330_site_mean9_matched_logistic_a086d4ba
site_mean9_matched,hist_boosting,0.39050474417285325,0.8665873031333877,0.3896619890990429,0.03230276428871922,0.12657407777295376,1.7903640830045333,1.371110291001969,0.0,experiments/data0_baselines_v1/20261005T075333_site_mean9_matched_hist_boosting_be16dbb8
site_mean9_matched,random_forest,0.36511302755174174,0.8643678138570927,0.3641642397013995,0.0336310496826428,0.13089223024088276,2.9507511669944506,3.5470052500022575,0.0,experiments/data0_baselines_v1/20261005T075339_site_mean9_matched_random_forest_2de508e4
