epoch,train_loss,val_loss,train_roc_auc,val_roc_auc,val_pr_auc,train_seconds,validation_seconds,best_epoch,bad_epochs,checkpoint_improved
1,0.8183416117594313,0.4497753381729126,0.7408499176775079,0.8642615861741137,0.3678768082729706,19.56870171699984,3.8451607930001046,1,0,True
2,0.4361375910021476,0.3815726637840271,0.879330821488413,0.8886776134150643,0.4118271236703672,20.33543342599978,3.6983613770003103,2,0,True
3,0.4057892265159692,0.3783107101917267,0.8976031102261934,0.8976336428194555,0.4317544809272173,19.225164968000172,3.938745084999937,3,0,True
4,0.391146828656766,0.3882976174354553,0.9059613564105664,0.9029898213239904,0.4424888990961113,24.473815093999747,3.753909085000032,3,1,False
5,0.3832384388504633,0.3752977848052978,0.9100204967210378,0.9047620213860518,0.4498288782412148,21.94882959200004,3.835876627000289,5,0,True
6,0.3784986482516153,0.3376609981060028,0.9123094478792328,0.9068198135081604,0.4510504587334439,19.779602759000227,3.706407127000148,6,0,True
7,0.3727176693726831,0.3557855188846588,0.9154105422889276,0.9083388955484244,0.4561416262623401,18.488846383000237,3.87011379400019,6,1,False
8,0.3677044890320567,0.3551302552223205,0.9177480567200246,0.9103868351557618,0.4585395430557671,25.632661220000045,5.015247294000346,6,2,False
9,0.3648582821461691,0.343703418970108,0.9192074066641578,0.911171372024564,0.4595273551706629,19.701636341000267,5.528202545000113,6,3,False
10,0.3623485981639641,0.3136442601680755,0.9200681324593616,0.9118243675386596,0.4603553443667045,21.10775551000006,3.937969752000299,10,0,True
11,0.3578221433754288,0.3538886308670044,0.92245734874885,0.911516621341983,0.45886307862952,18.33205471700012,3.739223460000176,10,1,False
12,0.3553981493546891,0.3364027738571167,0.9233595503140756,0.9138725688826324,0.4626023812836096,17.43265259100008,3.734966084999997,10,2,False
13,0.3500423202318932,0.3290493190288543,0.9258574745819916,0.9140587384122182,0.4636257354619032,17.223220841000057,4.179293294000217,10,3,False
14,0.3473296883835721,0.3570292592048645,0.9270080891359284,0.9132395775256622,0.4625393105385196,18.77367125899991,3.8547759180000862,10,4,False
15,0.3430681529997,0.3010757863521576,0.9289538108070774,0.9140301717280238,0.4642294910523776,18.11570600799996,3.9372889610003767,15,0,True
16,0.3391251424466496,0.3289592564105987,0.9306228797793796,0.9159113290122608,0.4632203343548959,19.211083467000208,3.9056813350002817,15,1,False
17,0.3378316454811772,0.3217574954032898,0.931267775040453,0.915716839996768,0.4698274003631371,18.21151634099988,4.0135995859996,15,2,False
18,0.3339713708455883,0.3334015905857086,0.9328544300322672,0.9139358156710026,0.4648196620871541,18.40789209200011,4.248425376999876,15,3,False
19,0.332733653652579,0.3580236732959747,0.9334584231757024,0.916156146243625,0.466942775516073,20.52201175900018,4.572262668999883,15,4,False
20,0.3307399411977672,0.371273398399353,0.9341884261772776,0.9133569103201672,0.4653815417065878,19.468728758999987,4.134774917999948,15,5,False
