run_id,status,started_utc,finished_utc,experiment_set,approach,model,seed,run_path,sites,positive_sites,prevalence,average_precision,roc_auc,pr_auc_trapezoid,log_loss,brier_score,fraction_score_ge_099,fraction_score_eq_1,unique_scores,depth_score_spearman,mean_sampling_std,fit_seconds,prediction_seconds,save_load_max_abs_difference,total_seconds,normalization_seconds,container_seconds,adapter_seconds,epochs,best_epoch,test_evaluated,prediction_coverage,sampling_iterations,independent_test_claim
20261005T074956_site_mean9_dummy_ec63e946,completed,2026-10-05T07:49:56.096294+00:00,2026-10-05T07:50:16.114107+00:00,data0_baselines_v1,site_mean9,dummy,42,experiments/data0_baselines_v1/20261005T074956_site_mean9_dummy_ec63e946,25350,1103,0.043510848126232744,0.043510848126232744,0.5,0.5217554240631164,0.17898358068905135,0.04162089597113719,0.0,0.0,1,,0.0,0.0018078749999403954,0.011750292003853247,0.0,19.88542329100892,,,,,,,,,
20261005T075016_site_mean9_logistic_9155b8d7,completed,2026-10-05T07:50:16.411938+00:00,2026-10-05T07:50:17.475137+00:00,data0_baselines_v1,site_mean9,logistic,42,experiments/data0_baselines_v1/20261005T075016_site_mean9_logistic_9155b8d7,25350,1103,0.043510848126232744,0.09941586582151438,0.7070581508882537,0.09874425047580979,0.16751062162818484,0.04057149232052616,0.0,0.0,25350,-0.0012597120129406647,0.0,0.05527641701337416,0.028485792005085386,0.0,0.9576340420026099,,,,,,,,,
20261005T075017_read9_noisy_or_logistic_619de677,completed,2026-10-05T07:50:17.478910+00:00,2026-10-05T07:50:20.383662+00:00,data0_baselines_v1,read9_noisy_or,logistic,42,experiments/data0_baselines_v1/20261005T075017_read9_noisy_or_logistic_619de677,25350,1103,0.043510848126232744,0.07089931113925266,0.6933656979407422,0.0707369406211262,0.8906378501377487,0.33225170754725014,0.0,0.0,25350,-0.0035963078099125263,0.010105974278437752,1.3455965829925844,0.2717400830006227,0.0,2.78923120800755,,,,,,,,,
20261005T075020_read15_noisy_or_logistic_0af128c6,completed,2026-10-05T07:50:20.393495+00:00,2026-10-05T07:50:25.065600+00:00,data0_baselines_v1,read15_noisy_or,logistic,42,experiments/data0_baselines_v1/20261005T075020_read15_noisy_or_logistic_0af128c6,25350,1103,0.043510848126232744,0.14659802502523492,0.7759814086224497,0.14608306928380999,0.8729046612039406,0.29437681198929844,0.00777120315581854,0.0,25350,-0.016529643731800398,0.01058279899158417,2.842505207998329,0.3200384999945527,0.0,4.462230874996749,,,,,,,,,
20261005T075025_site_mean9_hist_boosting_e659f93f,completed,2026-10-05T07:50:25.069943+00:00,2026-10-05T07:50:29.924478+00:00,data0_baselines_v1,site_mean9,hist_boosting,42,experiments/data0_baselines_v1/20261005T075025_site_mean9_hist_boosting_e659f93f,25350,1103,0.043510848126232744,0.3948079624417899,0.8641269600662059,0.39432142768059153,0.126460786464413,0.032064838155039695,0.0,0.0,25096,-0.05090670638943187,0.0,2.816758957997081,0.5763552499993239,0.0,4.761987333986326,,,,,,,,,
20261005T075029_read9_noisy_or_hist_boosting_7142a1cc,completed,2026-10-05T07:50:29.931815+00:00,2026-10-05T07:50:50.408776+00:00,data0_baselines_v1,read9_noisy_or,hist_boosting,42,experiments/data0_baselines_v1/20261005T075029_read9_noisy_or_hist_boosting_7142a1cc,25350,1103,0.043510848126232744,0.33752103088012986,0.8604111785323911,0.33662102054162074,0.8263931740803269,0.2713130813152643,0.01972386587771203,0.0,25350,-0.031681406397477546,0.02530482611158426,9.11975104198791,4.7048609999910695,0.0,20.371422957992763,,,,,,,,,
20261005T075050_read15_noisy_or_hist_boosting_c6e9c56d,completed,2026-10-05T07:50:50.418199+00:00,2026-10-05T07:51:20.041976+00:00,data0_baselines_v1,read15_noisy_or,hist_boosting,42,experiments/data0_baselines_v1/20261005T075050_read15_noisy_or_hist_boosting_c6e9c56d,25350,1103,0.043510848126232744,0.3798811507341842,0.8781901255666551,0.3793414759545169,0.8068357109086379,0.2374887126868804,0.03471400394477318,0.0,25350,-0.03817038206023747,0.01412048394577139,17.033117375001893,5.409671000001254,0.0,29.489933249991736,,,,,,,,,
20261005T075120_site_mean9_random_forest_07d60618,completed,2026-10-05T07:51:20.054838+00:00,2026-10-05T07:51:27.050343+00:00,data0_baselines_v1,site_mean9,random_forest,42,experiments/data0_baselines_v1/20261005T075120_site_mean9_random_forest_07d60618,25350,1103,0.043510848126232744,0.36493958240479774,0.8588639784993075,0.3639814288974097,0.13068237738256616,0.03329794554035206,0.0,0.0,24818,-0.09844542078316038,0.0,3.5253459999948973,1.2356130830012262,2.220446049250313e-16,6.854937374999281,,,,,,,,,
20261005T075127_read9_noisy_or_random_forest_5c0e5d9f,completed,2026-10-05T07:51:27.059780+00:00,2026-10-05T07:52:34.509622+00:00,data0_baselines_v1,read9_noisy_or,random_forest,42,experiments/data0_baselines_v1/20261005T075127_read9_noisy_or_random_forest_5c0e5d9f,25350,1103,0.043510848126232744,0.32817987075591415,0.853769050547738,0.32729293400383247,0.8336083975276547,0.2846193512190622,0.012347140039447731,0.0,25350,-0.03143649634534917,0.022981128253140318,46.32207091599412,8.742660582996905,3.3306690738754696e-16,67.29422166699078,,,,,,,,,
20261005T075234_read15_noisy_or_random_forest_95f55ef5,completed,2026-10-05T07:52:34.525698+00:00,2026-10-05T07:53:30.084025+00:00,data0_baselines_v1,read15_noisy_or,random_forest,42,experiments/data0_baselines_v1/20261005T075234_read15_noisy_or_random_forest_95f55ef5,25350,1103,0.043510848126232744,0.32884091115260666,0.8653616278612816,0.32819739267311626,0.8196430174549505,0.2530014579411937,0.026272189349112424,0.0,25350,-0.0331579756605188,0.0126763438902833,34.35383108399401,9.529170624999097,3.3306690738754696e-16,55.406592458995874,,,,,,,,,
20261005T075330_site_mean9_matched_logistic_a086d4ba,completed,2026-10-05T07:53:30.105545+00:00,2026-10-05T07:53:33.028881+00:00,data0_baselines_v1,site_mean9_matched,logistic,42,experiments/data0_baselines_v1/20261005T075330_site_mean9_matched_logistic_a086d4ba,25350,1103,0.043510848126232744,0.09557427599135418,0.7080758203172016,0.0950083489219181,0.16746075725523948,0.04061123833809677,0.0,0.0,25350,0.0053047512466735175,0.0070370128378723215,0.1143912499974249,0.2836471670016181,0.0,2.7672886669897707,,,,,,,,,
20261005T075333_site_mean9_matched_hist_boosting_be16dbb8,completed,2026-10-05T07:53:33.043123+00:00,2026-10-05T07:53:39.087728+00:00,data0_baselines_v1,site_mean9_matched,hist_boosting,42,experiments/data0_baselines_v1/20261005T075333_site_mean9_matched_hist_boosting_be16dbb8,25350,1103,0.043510848126232744,0.39050474417285325,0.8665873031333877,0.3896619890990429,0.12657407777295376,0.03230276428871922,0.0,0.0,25350,-0.02388868840569142,0.012872996465245446,1.7903640830045333,1.371110291001969,0.0,5.883232582986238,,,,,,,,,
20261005T075339_site_mean9_matched_random_forest_2de508e4,completed,2026-10-05T07:53:39.098770+00:00,2026-10-05T07:53:50.395457+00:00,data0_baselines_v1,site_mean9_matched,random_forest,42,experiments/data0_baselines_v1/20261005T075339_site_mean9_matched_random_forest_2de508e4,25350,1103,0.043510848126232744,0.36511302755174174,0.8643678138570927,0.3641642397013995,0.13089223024088276,0.0336310496826428,0.0,0.0,25350,-0.026328022797472702,0.010670020742859885,2.9507511669944506,3.5470052500022575,2.220446049250313e-16,11.139929249999113,,,,,,,,,
20261005T104640_official_m6anet_m6anet_scratch_c7794b10,completed,2026-10-05T10:46:40.561747+00:00,2026-10-05T10:57:45.962318+00:00,data0_m6anet_full_v2,official_m6anet,m6anet_scratch,42,experiments/data0_m6anet_full_v2/20261005T104640_official_m6anet_m6anet_scratch_c7794b10,25350,1103,0.043510848126232744,0.4649145854351569,0.9140301717280238,0.46422949105237776,0.30107575030652783,0.08834272182691899,0.006390532544378698,0.0,25334,-0.032840102556168996,0.045913277880746964,395.9609848440009,81.45028508200221,,664.9588073329942,69.55768365599988,620.6102882080013,41.353006750010536,20.0,15.0,False,,,
20261005T090119_official_m6anet_m6anet_pretrained_HCT116_RNA002_c7353afe,completed,2026-10-05T09:01:19.407953+00:00,2026-10-05T09:02:34.662781+00:00,data0_m6anet_pretrained_v1,official_m6anet,m6anet_pretrained_HCT116_RNA002,42,experiments/data0_m6anet_pretrained_v1/20261005T090119_official_m6anet_m6anet_pretrained_HCT116_RNA002_c7353afe,25350,1103,0.043510848126232744,0.5063945551069602,0.9346209928261353,0.505930010777156,0.3151679735183829,0.09248829529335484,0.00611439842209073,0.0,25342,-0.022530828160380587,,,52.73550195799908,,74.85907016700367,,,,,,,1.0,1000.0,False
20261005T103446_official_m6anet_m6anet_scratch_119c482f,completed,2026-10-05T10:34:46.044641+00:00,2026-10-05T10:40:21.704161+00:00,data0_m6anet_scratch_v2,official_m6anet,m6anet_scratch,42,experiments/data0_m6anet_scratch_v2/20261005T103446_official_m6anet_m6anet_scratch_119c482f,25350,1103,0.043510848126232744,0.36776119229850673,0.8657489232996121,0.367181209746838,0.4497156503883814,0.1448623196570554,0.0014595660749506904,0.0,25339,-0.05044000084491647,0.04230964926302064,115.72034826200024,109.41234654899972,,335.1382365000027,64.93548161300009,292.46527670799696,39.844401708003716,1.0,,False,,,
